%time,field.header.seq,field.header.stamp,field.header.frame_id,field.pose.position.x,field.pose.position.y,field.pose.position.z,field.pose.orientation.x,field.pose.orientation.y,field.pose.orientation.z,field.pose.orientation.w,dsteamvr_x,dsteamvr_y,dsteamvr_z,drobot_x,drobot_y,drobot_z
1782457856085830450,110,1782457856085830450,steamvr_world,1.0640344619750977,0.7386327981948853,0.6119844913482666,0.431746135496514,0.5636361815403834,-0.5141980583366331,0.4811547424116676,0.0,0.0,0.0,0.0,0.0,0.0
1782457856119146347,111,1782457856119146347,steamvr_world,1.0640344619750977,0.7386327981948853,0.6119844913482666,0.431746135496514,0.5636361815403834,-0.5141980583366331,0.4811547424116676,0.0,0.0,0.0,0.0,0.0,0.0
1782457856152491092,112,1782457856152491092,steamvr_world,1.0640344619750977,0.7386327981948853,0.6119844913482666,0.431746135496514,0.5636361815403834,-0.5141980583366331,0.4811547424116676,0.0,0.0,0.0,0.0,0.0,0.0
1782457856185816287,113,1782457856185816287,steamvr_world,1.0640344619750977,0.7386327981948853,0.6119844913482666,0.431746135496514,0.5636361815403834,-0.5141980583366331,0.4811547424116676,0.0,0.0,0.0,0.0,0.0,0.0
1782457856219142436,114,1782457856219142436,steamvr_world,1.0640344619750977,0.7386327981948853,0.6119844913482666,0.431746135496514,0.5636361815403834,-0.5141980583366331,0.4811547424116676,0.0,0.0,0.0,0.0,0.0,0.0
1782457856252482652,115,1782457856252482652,steamvr_world,1.0640344619750977,0.7386327981948853,0.6119844913482666,0.431746135496514,0.5636361815403834,-0.5141980583366331,0.4811547424116676,0.0,0.0,0.0,0.0,0.0,0.0
1782457856285847902,116,1782457856285847902,steamvr_world,1.0640344619750977,0.7386327981948853,0.6119844913482666,0.431746135496514,0.5636361815403834,-0.5141980583366331,0.4811547424116676,0.0,0.0,0.0,0.0,0.0,0.0
1782457856319155931,117,1782457856319155931,steamvr_world,1.0640344619750977,0.7386327981948853,0.6119844913482666,0.431746135496514,0.5636361815403834,-0.5141980583366331,0.4811547424116676,0.0,0.0,0.0,0.0,0.0,0.0
1782457856352487564,118,1782457856352487564,steamvr_world,1.0640344619750977,0.7386327981948853,0.6119844913482666,0.431746135496514,0.5636361815403834,-0.5141980583366331,0.4811547424116676,0.0,0.0,0.0,0.0,0.0,0.0
1782457856385818958,119,1782457856385818958,steamvr_world,1.0640344619750977,0.7386327981948853,0.6119844913482666,0.431746135496514,0.5636361815403834,-0.5141980583366331,0.4811547424116676,0.0,0.0,0.0,0.0,0.0,0.0
1782457856419143199,120,1782457856419143199,steamvr_world,1.0640344619750977,0.7386327981948853,0.6119844913482666,0.431746135496514,0.5636361815403834,-0.5141980583366331,0.4811547424116676,0.0,0.0,0.0,0.0,0.0,0.0
1782457856452478885,121,1782457856452478885,steamvr_world,1.0640344619750977,0.7386327981948853,0.6119844913482666,0.431746135496514,0.5636361815403834,-0.5141980583366331,0.4811547424116676,0.0,0.0,0.0,0.0,0.0,0.0
1782457856485816001,122,1782457856485816001,steamvr_world,1.0640344619750977,0.7386327981948853,0.6119844913482666,0.431746135496514,0.5636361815403834,-0.5141980583366331,0.4811547424116676,0.0,0.0,0.0,0.0,0.0,0.0
1782457856519144296,123,1782457856519144296,steamvr_world,1.0640344619750977,0.7386327981948853,0.6119844913482666,0.431746135496514,0.5636361815403834,-0.5141980583366331,0.4811547424116676,0.0,0.0,0.0,0.0,0.0,0.0
1782457856552469253,124,1782457856552469253,steamvr_world,1.0640344619750977,0.7386327981948853,0.6119844913482666,0.431746135496514,0.5636361815403834,-0.5141980583366331,0.4811547424116676,0.0,0.0,0.0,0.0,0.0,0.0
1782457856585813760,125,1782457856585813760,steamvr_world,1.0640344619750977,0.7386327981948853,0.6119844913482666,0.431746135496514,0.5636361815403834,-0.5141980583366331,0.4811547424116676,0.0,0.0,0.0,0.0,0.0,0.0
1782457856619142770,126,1782457856619142770,steamvr_world,1.0640344619750977,0.7386327981948853,0.6119844913482666,0.431746135496514,0.5636361815403834,-0.5141980583366331,0.4811547424116676,0.0,0.0,0.0,0.0,0.0,0.0
1782457856652461767,127,1782457856652461767,steamvr_world,1.0640344619750977,0.7386327981948853,0.6119844913482666,0.431746135496514,0.5636361815403834,-0.5141980583366331,0.4811547424116676,0.0,0.0,0.0,0.0,0.0,0.0
1782457856685810804,128,1782457856685810804,steamvr_world,1.0640344619750977,0.7386327981948853,0.6119844913482666,0.431746135496514,0.5636361815403834,-0.5141980583366331,0.4811547424116676,0.0,0.0,0.0,0.0,0.0,0.0
1782457856719139099,129,1782457856719139099,steamvr_world,1.0640344619750977,0.7386327981948853,0.6119844913482666,0.431746135496514,0.5636361815403834,-0.5141980583366331,0.4811547424116676,0.0,0.0,0.0,0.0,0.0,0.0
1782457856752470016,130,1782457856752470016,steamvr_world,1.0640344619750977,0.7386327981948853,0.6119844913482666,0.431746135496514,0.5636361815403834,-0.5141980583366331,0.4811547424116676,0.0,0.0,0.0,0.0,0.0,0.0
1782457856785816431,131,1782457856785816431,steamvr_world,1.0640344619750977,0.7386327981948853,0.6119844913482666,0.431746135496514,0.5636361815403834,-0.5141980583366331,0.4811547424116676,0.0,0.0,0.0,0.0,0.0,0.0
1782457856819144248,132,1782457856819144248,steamvr_world,1.0640344619750977,0.7386327981948853,0.6119844913482666,0.431746135496514,0.5636361815403834,-0.5141980583366331,0.4811547424116676,0.0,0.0,0.0,0.0,0.0,0.0
1782457856852473258,133,1782457856852473258,steamvr_world,1.0640344619750977,0.7386327981948853,0.6119844913482666,0.431746135496514,0.5636361815403834,-0.5141980583366331,0.4811547424116676,0.0,0.0,0.0,0.0,0.0,0.0
1782457856885807514,134,1782457856885807514,steamvr_world,1.0640344619750977,0.7386327981948853,0.6119844913482666,0.431746135496514,0.5636361815403834,-0.5141980583366331,0.4811547424116676,0.0,0.0,0.0,0.0,0.0,0.0
1782457856919139623,135,1782457856919139623,steamvr_world,1.0640344619750977,0.7386327981948853,0.6119844913482666,0.431746135496514,0.5636361815403834,-0.5141980583366331,0.4811547424116676,0.0,0.0,0.0,0.0,0.0,0.0
1782457856952519416,136,1782457856952519416,steamvr_world,1.0640344619750977,0.7386327981948853,0.6119844913482666,0.431746135496514,0.5636361815403834,-0.5141980583366331,0.4811547424116676,0.0,0.0,0.0,0.0,0.0,0.0
1782457856985842227,137,1782457856985842227,steamvr_world,1.0640344619750977,0.7386327981948853,0.6119844913482666,0.431746135496514,0.5636361815403834,-0.5141980583366331,0.4811547424116676,0.0,0.0,0.0,0.0,0.0,0.0
1782457857019147872,138,1782457857019147872,steamvr_world,1.0640344619750977,0.7386327981948853,0.6119844913482666,0.431746135496514,0.5636361815403834,-0.5141980583366331,0.4811547424116676,0.0,0.0,0.0,0.0,0.0,0.0
1782457857052466154,139,1782457857052466154,steamvr_world,1.0640344619750977,0.7386327981948853,0.6119844913482666,0.431746135496514,0.5636361815403834,-0.5141980583366331,0.4811547424116676,0.0,0.0,0.0,0.0,0.0,0.0
1782457857085807085,140,1782457857085807085,steamvr_world,1.0640344619750977,0.7386327981948853,0.6119844913482666,0.431746135496514,0.5636361815403834,-0.5141980583366331,0.4811547424116676,0.0,0.0,0.0,0.0,0.0,0.0
1782457857119150161,141,1782457857119150161,steamvr_world,1.0640344619750977,0.7386327981948853,0.6119844913482666,0.431746135496514,0.5636361815403834,-0.5141980583366331,0.4811547424116676,0.0,0.0,0.0,0.0,0.0,0.0
1782457857152462959,142,1782457857152462959,steamvr_world,1.0640344619750977,0.7386327981948853,0.6119844913482666,0.431746135496514,0.5636361815403834,-0.5141980583366331,0.4811547424116676,0.0,0.0,0.0,0.0,0.0,0.0
1782457857185801029,143,1782457857185801029,steamvr_world,1.0640344619750977,0.7386327981948853,0.6119844913482666,0.431746135496514,0.5636361815403834,-0.5141980583366331,0.4811547424116676,0.0,0.0,0.0,0.0,0.0,0.0
1782457857219139337,144,1782457857219139337,steamvr_world,1.0640344619750977,0.7386327981948853,0.6119844913482666,0.431746135496514,0.5636361815403834,-0.5141980583366331,0.4811547424116676,0.0,0.0,0.0,0.0,0.0,0.0
1782457857252457618,145,1782457857252457618,steamvr_world,1.0640344619750977,0.7386327981948853,0.6119844913482666,0.431746135496514,0.5636361815403834,-0.5141980583366331,0.4811547424116676,0.0,0.0,0.0,0.0,0.0,0.0
1782457857285815954,146,1782457857285815954,steamvr_world,1.0640344619750977,0.7386327981948853,0.6119844913482666,0.431746135496514,0.5636361815403834,-0.5141980583366331,0.4811547424116676,0.0,0.0,0.0,0.0,0.0,0.0
1782457857319164752,147,1782457857319164752,steamvr_world,1.0640344619750977,0.7386327981948853,0.6119844913482666,0.431746135496514,0.5636361815403834,-0.5141980583366331,0.4811547424116676,0.0,0.0,0.0,0.0,0.0,0.0
1782457857352472305,148,1782457857352472305,steamvr_world,1.0640344619750977,0.7386327981948853,0.6119844913482666,0.431746135496514,0.5636361815403834,-0.5141980583366331,0.4811547424116676,0.0,0.0,0.0,0.0,0.0,0.0
1782457857385809421,149,1782457857385809421,steamvr_world,1.0640344619750977,0.7386327981948853,0.6119844913482666,0.431746135496514,0.5636361815403834,-0.5141980583366331,0.4811547424116676,0.0,0.0,0.0,0.0,0.0,0.0
1782457857419147014,150,1782457857419147014,steamvr_world,1.0640344619750977,0.7386327981948853,0.6119844913482666,0.431746135496514,0.5636361815403834,-0.5141980583366331,0.4811547424116676,0.0,0.0,0.0,0.0,0.0,0.0
1782457857452462911,151,1782457857452462911,steamvr_world,1.0640344619750977,0.7386327981948853,0.6119844913482666,0.431746135496514,0.5636361815403834,-0.5141980583366331,0.4811547424116676,0.0,0.0,0.0,0.0,0.0,0.0
1782457857485800504,152,1782457857485800504,steamvr_world,1.0640344619750977,0.7386327981948853,0.6119844913482666,0.431746135496514,0.5636361815403834,-0.5141980583366331,0.4811547424116676,0.0,0.0,0.0,0.0,0.0,0.0
1782457857519138813,153,1782457857519138813,steamvr_world,1.0640344619750977,0.7386327981948853,0.6119844913482666,0.431746135496514,0.5636361815403834,-0.5141980583366331,0.4811547424116676,0.0,0.0,0.0,0.0,0.0,0.0
1782457857552466630,154,1782457857552466630,steamvr_world,1.0640344619750977,0.7386327981948853,0.6119844913482666,0.431746135496514,0.5636361815403834,-0.5141980583366331,0.4811547424116676,0.0,0.0,0.0,0.0,0.0,0.0
1782457857585804700,155,1782457857585804700,steamvr_world,1.0640344619750977,0.7386327981948853,0.6119844913482666,0.431746135496514,0.5636361815403834,-0.5141980583366331,0.4811547424116676,0.0,0.0,0.0,0.0,0.0,0.0
1782457857619132518,156,1782457857619132518,steamvr_world,1.0640344619750977,0.7386327981948853,0.6119844913482666,0.431746135496514,0.5636361815403834,-0.5141980583366331,0.4811547424116676,0.0,0.0,0.0,0.0,0.0,0.0
1782457857652458190,157,1782457857652458190,steamvr_world,1.0640344619750977,0.7386327981948853,0.6119844913482666,0.431746135496514,0.5636361815403834,-0.5141980583366331,0.4811547424116676,0.0,0.0,0.0,0.0,0.0,0.0
1782457857685797452,158,1782457857685797452,steamvr_world,1.0640344619750977,0.7386327981948853,0.6119844913482666,0.431746135496514,0.5636361815403834,-0.5141980583366331,0.4811547424116676,0.0,0.0,0.0,0.0,0.0,0.0
1782457857719140052,159,1782457857719140052,steamvr_world,1.0640344619750977,0.7386327981948853,0.6119844913482666,0.431746135496514,0.5636361815403834,-0.5141980583366331,0.4811547424116676,0.0,0.0,0.0,0.0,0.0,0.0
1782457857752459049,160,1782457857752459049,steamvr_world,1.0640344619750977,0.7386327981948853,0.6119844913482666,0.431746135496514,0.5636361815403834,-0.5141980583366331,0.4811547424116676,0.0,0.0,0.0,0.0,0.0,0.0
1782457857785797834,161,1782457857785797834,steamvr_world,1.0640344619750977,0.7386327981948853,0.6119844913482666,0.431746135496514,0.5636361815403834,-0.5141980583366331,0.4811547424116676,0.0,0.0,0.0,0.0,0.0,0.0
1782457857819173336,162,1782457857819173336,steamvr_world,1.0640344619750977,0.7386327981948853,0.6119844913482666,0.431746135496514,0.5636361815403834,-0.5141980583366331,0.4811547424116676,0.0,0.0,0.0,0.0,0.0,0.0
1782457857852465629,163,1782457857852465629,steamvr_world,1.0640344619750977,0.7386327981948853,0.6119844913482666,0.431746135496514,0.5636361815403834,-0.5141980583366331,0.4811547424116676,0.0,0.0,0.0,0.0,0.0,0.0
1782457857885801792,164,1782457857885801792,steamvr_world,1.0640344619750977,0.7386327981948853,0.6119844913482666,0.431746135496514,0.5636361815403834,-0.5141980583366331,0.4811547424116676,0.0,0.0,0.0,0.0,0.0,0.0
1782457857919139385,165,1782457857919139385,steamvr_world,1.0640344619750977,0.7386327981948853,0.6119844913482666,0.431746135496514,0.5636361815403834,-0.5141980583366331,0.4811547424116676,0.0,0.0,0.0,0.0,0.0,0.0
1782457857952462673,166,1782457857952462673,steamvr_world,1.0640344619750977,0.7386327981948853,0.6119844913482666,0.431746135496514,0.5636361815403834,-0.5141980583366331,0.4811547424116676,0.0,0.0,0.0,0.0,0.0,0.0
1782457857985804080,167,1782457857985804080,steamvr_world,1.0640344619750977,0.7386327981948853,0.6119844913482666,0.431746135496514,0.5636361815403834,-0.5141980583366331,0.4811547424116676,0.0,0.0,0.0,0.0,0.0,0.0
1782457858019134521,168,1782457858019134521,steamvr_world,1.0640344619750977,0.7386327981948853,0.6119844913482666,0.431746135496514,0.5636361815403834,-0.5141980583366331,0.4811547424116676,0.0,0.0,0.0,0.0,0.0,0.0
1782457858052469491,169,1782457858052469491,steamvr_world,1.0640344619750977,0.7386327981948853,0.6119844913482666,0.431746135496514,0.5636361815403834,-0.5141980583366331,0.4811547424116676,0.0,0.0,0.0,0.0,0.0,0.0
1782457858085792064,170,1782457858085792064,steamvr_world,1.0640344619750977,0.7386327981948853,0.6119844913482666,0.431746135496514,0.5636361815403834,-0.5141980583366331,0.4811547424116676,0.0,0.0,0.0,0.0,0.0,0.0
1782457858119138002,171,1782457858119138002,steamvr_world,1.0640344619750977,0.7386327981948853,0.6119844913482666,0.431746135496514,0.5636361815403834,-0.5141980583366331,0.4811547424116676,0.0,0.0,0.0,0.0,0.0,0.0
1782457858152461290,172,1782457858152461290,steamvr_world,1.0640344619750977,0.7386327981948853,0.6119844913482666,0.431746135496514,0.5636361815403834,-0.5141980583366331,0.4811547424116676,0.0,0.0,0.0,0.0,0.0,0.0
1782457858185793638,173,1782457858185793638,steamvr_world,1.0640344619750977,0.7386327981948853,0.6119844913482666,0.431746135496514,0.5636361815403834,-0.5141980583366331,0.4811547424116676,0.0,0.0,0.0,0.0,0.0,0.0
1782457858219136714,174,1782457858219136714,steamvr_world,1.0640344619750977,0.7386327981948853,0.6119844913482666,0.431746135496514,0.5636361815403834,-0.5141980583366331,0.4811547424116676,0.0,0.0,0.0,0.0,0.0,0.0
1782457858252469539,175,1782457858252469539,steamvr_world,1.0640344619750977,0.7386327981948853,0.6119844913482666,0.431746135496514,0.5636361815403834,-0.5141980583366331,0.4811547424116676,0.0,0.0,0.0,0.0,0.0,0.0
1782457858285796165,176,1782457858285796165,steamvr_world,1.0640344619750977,0.7386327981948853,0.6119844913482666,0.431746135496514,0.5636361815403834,-0.5141980583366331,0.4811547424116676,0.0,0.0,0.0,0.0,0.0,0.0
1782457858319156646,177,1782457858319156646,steamvr_world,1.0640344619750977,0.7386327981948853,0.6119844913482666,0.431746135496514,0.5636361815403834,-0.5141980583366331,0.4811547424116676,0.0,0.0,0.0,0.0,0.0,0.0
1782457858352463960,178,1782457858352463960,steamvr_world,1.0640344619750977,0.7386327981948853,0.6119844913482666,0.431746135496514,0.5636361815403834,-0.5141980583366331,0.4811547424116676,0.0,0.0,0.0,0.0,0.0,0.0
1782457858385802507,179,1782457858385802507,steamvr_world,1.0640344619750977,0.7386327981948853,0.6119844913482666,0.431746135496514,0.5636361815403834,-0.5141980583366331,0.4811547424116676,0.0,0.0,0.0,0.0,0.0,0.0
1782457858419132232,180,1782457858419132232,steamvr_world,1.0640344619750977,0.7386327981948853,0.6119844913482666,0.431746135496514,0.5636361815403834,-0.5141980583366331,0.4811547424116676,0.0,0.0,0.0,0.0,0.0,0.0
1782457858452461004,181,1782457858452461004,steamvr_world,1.0640344619750977,0.7386327981948853,0.6119844913482666,0.431746135496514,0.5636361815403834,-0.5141980583366331,0.4811547424116676,0.0,0.0,0.0,0.0,0.0,0.0
1782457858485798120,182,1782457858485798120,steamvr_world,1.0640344619750977,0.7386327981948853,0.6119844913482666,0.431746135496514,0.5636361815403834,-0.5141980583366331,0.4811547424116676,0.0,0.0,0.0,0.0,0.0,0.0
1782457858519136190,183,1782457858519136190,steamvr_world,1.0640344619750977,0.7386327981948853,0.6119844913482666,0.431746135496514,0.5636361815403834,-0.5141980583366331,0.4811547424116676,0.0,0.0,0.0,0.0,0.0,0.0
1782457858552463531,184,1782457858552463531,steamvr_world,1.0640344619750977,0.7386327981948853,0.6119844913482666,0.431746135496514,0.5636361815403834,-0.5141980583366331,0.4811547424116676,0.0,0.0,0.0,0.0,0.0,0.0
1782457858585794448,185,1782457858585794448,steamvr_world,1.0640344619750977,0.7386327981948853,0.6119844913482666,0.431746135496514,0.5636361815403834,-0.5141980583366331,0.4811547424116676,0.0,0.0,0.0,0.0,0.0,0.0
1782457858619134426,186,1782457858619134426,steamvr_world,1.0640344619750977,0.7386327981948853,0.6119844913482666,0.431746135496514,0.5636361815403834,-0.5141980583366331,0.4811547424116676,0.0,0.0,0.0,0.0,0.0,0.0
1782457858652469873,187,1782457858652469873,steamvr_world,1.0640344619750977,0.7386327981948853,0.6119844913482666,0.431746135496514,0.5636361815403834,-0.5141980583366331,0.4811547424116676,0.0,0.0,0.0,0.0,0.0,0.0
1782457858685797452,188,1782457858685797452,steamvr_world,1.0640344619750977,0.7386327981948853,0.6119844913482666,0.431746135496514,0.5636361815403834,-0.5141980583366331,0.4811547424116676,0.0,0.0,0.0,0.0,0.0,0.0
1782457858719132900,189,1782457858719132900,steamvr_world,1.0640344619750977,0.7386327981948853,0.6119844913482666,0.431746135496514,0.5636361815403834,-0.5141980583366331,0.4811547424116676,0.0,0.0,0.0,0.0,0.0,0.0
1782457858752463817,190,1782457858752463817,steamvr_world,1.0640344619750977,0.7386327981948853,0.6119844913482666,0.431746135496514,0.5636361815403834,-0.5141980583366331,0.4811547424116676,0.0,0.0,0.0,0.0,0.0,0.0
1782457858785797119,191,1782457858785797119,steamvr_world,1.0640344619750977,0.7386327981948853,0.6119844913482666,0.431746135496514,0.5636361815403834,-0.5141980583366331,0.4811547424116676,0.0,0.0,0.0,0.0,0.0,0.0
1782457858819138765,192,1782457858819138765,steamvr_world,1.0640344619750977,0.7386327981948853,0.6119844913482666,0.431746135496514,0.5636361815403834,-0.5141980583366331,0.4811547424116676,0.0,0.0,0.0,0.0,0.0,0.0
1782457858852468252,193,1782457858852468252,steamvr_world,1.0640344619750977,0.7386327981948853,0.6119844913482666,0.431746135496514,0.5636361815403834,-0.5141980583366331,0.4811547424116676,0.0,0.0,0.0,0.0,0.0,0.0
1782457858885798215,194,1782457858885798215,steamvr_world,1.0640344619750977,0.7386327981948853,0.6119844913482666,0.431746135496514,0.5636361815403834,-0.5141980583366331,0.4811547424116676,0.0,0.0,0.0,0.0,0.0,0.0
1782457858919139385,195,1782457858919139385,steamvr_world,1.0640344619750977,0.7386327981948853,0.6119844913482666,0.431746135496514,0.5636361815403834,-0.5141980583366331,0.4811547424116676,0.0,0.0,0.0,0.0,0.0,0.0
1782457858952466249,196,1782457858952466249,steamvr_world,1.0640344619750977,0.7386327981948853,0.6119844913482666,0.431746135496514,0.5636361815403834,-0.5141980583366331,0.4811547424116676,0.0,0.0,0.0,0.0,0.0,0.0
1782457858985798358,197,1782457858985798358,steamvr_world,1.0640344619750977,0.7386327981948853,0.6119844913482666,0.431746135496514,0.5636361815403834,-0.5141980583366331,0.4811547424116676,0.0,0.0,0.0,0.0,0.0,0.0
1782457859019146442,198,1782457859019146442,steamvr_world,1.0640344619750977,0.7386327981948853,0.6119844913482666,0.431746135496514,0.5636361815403834,-0.5141980583366331,0.4811547424116676,0.0,0.0,0.0,0.0,0.0,0.0
1782457859052476644,199,1782457859052476644,steamvr_world,1.0640344619750977,0.7386327981948853,0.6119844913482666,0.431746135496514,0.5636361815403834,-0.5141980583366331,0.4811547424116676,0.0,0.0,0.0,0.0,0.0,0.0
1782457859085810661,200,1782457859085810661,steamvr_world,1.0640344619750977,0.7386327981948853,0.6119844913482666,0.431746135496514,0.5636361815403834,-0.5141980583366331,0.4811547424116676,0.0,0.0,0.0,0.0,0.0,0.0
1782457859119145631,201,1782457859119145631,steamvr_world,1.0640344619750977,0.7386327981948853,0.6119844913482666,0.431746135496514,0.5636361815403834,-0.5141980583366331,0.4811547424116676,0.0,0.0,0.0,0.0,0.0,0.0
1782457859152477025,202,1782457859152477025,steamvr_world,1.0640344619750977,0.7386327981948853,0.6119844913482666,0.431746135496514,0.5636361815403834,-0.5141980583366331,0.4811547424116676,0.0,0.0,0.0,0.0,0.0,0.0
1782457859185806751,203,1782457859185806751,steamvr_world,1.0640344619750977,0.7386327981948853,0.6119844913482666,0.431746135496514,0.5636361815403834,-0.5141980583366331,0.4811547424116676,0.0,0.0,0.0,0.0,0.0,0.0
1782457859219140052,204,1782457859219140052,steamvr_world,1.0640344619750977,0.7386327981948853,0.6119844913482666,0.431746135496514,0.5636361815403834,-0.5141980583366331,0.4811547424116676,0.0,0.0,0.0,0.0,0.0,0.0
1782457859252467632,205,1782457859252467632,steamvr_world,1.0640344619750977,0.7386327981948853,0.6119844913482666,0.431746135496514,0.5636361815403834,-0.5141980583366331,0.4811547424116676,0.0,0.0,0.0,0.0,0.0,0.0
1782457859285806179,206,1782457859285806179,steamvr_world,1.0640344619750977,0.7386327981948853,0.6119844913482666,0.431746135496514,0.5636361815403834,-0.5141980583366331,0.4811547424116676,0.0,0.0,0.0,0.0,0.0,0.0
1782457859319135189,207,1782457859319135189,steamvr_world,1.0640344619750977,0.7386327981948853,0.6119844913482666,0.431746135496514,0.5636361815403834,-0.5141980583366331,0.4811547424116676,0.0,0.0,0.0,0.0,0.0,0.0
1782457859352478742,208,1782457859352478742,steamvr_world,1.0640344619750977,0.7386327981948853,0.6119844913482666,0.431746135496514,0.5636361815403834,-0.5141980583366331,0.4811547424116676,0.0,0.0,0.0,0.0,0.0,0.0
1782457859385810375,209,1782457859385810375,steamvr_world,1.0640344619750977,0.7386327981948853,0.6119844913482666,0.431746135496514,0.5636361815403834,-0.5141980583366331,0.4811547424116676,0.0,0.0,0.0,0.0,0.0,0.0
1782457859419125795,210,1782457859419125795,steamvr_world,1.0640344619750977,0.7386327981948853,0.6119844913482666,0.431746135496514,0.5636361815403834,-0.5141980583366331,0.4811547424116676,0.0,0.0,0.0,0.0,0.0,0.0
1782457859452467203,211,1782457859452467203,steamvr_world,1.0640344619750977,0.7386327981948853,0.6119844913482666,0.431746135496514,0.5636361815403834,-0.5141980583366331,0.4811547424116676,0.0,0.0,0.0,0.0,0.0,0.0
1782457859485811233,212,1782457859485811233,steamvr_world,1.0640344619750977,0.7386327981948853,0.6119844913482666,0.431746135496514,0.5636361815403834,-0.5141980583366331,0.4811547424116676,0.0,0.0,0.0,0.0,0.0,0.0
1782457859519139528,213,1782457859519139528,steamvr_world,1.0640344619750977,0.7386327981948853,0.6119844913482666,0.431746135496514,0.5636361815403834,-0.5141980583366331,0.4811547424116676,0.0,0.0,0.0,0.0,0.0,0.0
1782457859552474975,214,1782457859552474975,steamvr_world,1.0640344619750977,0.7386327981948853,0.6119844913482666,0.431746135496514,0.5636361815403834,-0.5141980583366331,0.4811547424116676,0.0,0.0,0.0,0.0,0.0,0.0
1782457859585814476,215,1782457859585814476,steamvr_world,1.0640344619750977,0.7386327981948853,0.6119844913482666,0.431746135496514,0.5636361815403834,-0.5141980583366331,0.4811547424116676,0.0,0.0,0.0,0.0,0.0,0.0
1782457859619141101,216,1782457859619141101,steamvr_world,1.0640344619750977,0.7386327981948853,0.6119844913482666,0.431746135496514,0.5636361815403834,-0.5141980583366331,0.4811547424116676,0.0,0.0,0.0,0.0,0.0,0.0
1782457859652474641,217,1782457859652474641,steamvr_world,1.0640344619750977,0.7386327981948853,0.6119844913482666,0.431746135496514,0.5636361815403834,-0.5141980583366331,0.4811547424116676,0.0,0.0,0.0,0.0,0.0,0.0
1782457859685807704,218,1782457859685807704,steamvr_world,1.0640344619750977,0.7386327981948853,0.6119844913482666,0.431746135496514,0.5636361815403834,-0.5141980583366331,0.4811547424116676,0.0,0.0,0.0,0.0,0.0,0.0
1782457859719137907,219,1782457859719137907,steamvr_world,1.0640344619750977,0.7386327981948853,0.6119844913482666,0.431746135496514,0.5636361815403834,-0.5141980583366331,0.4811547424116676,0.0,0.0,0.0,0.0,0.0,0.0
1782457859752477884,220,1782457859752477884,steamvr_world,1.0640344619750977,0.7386327981948853,0.6119844913482666,0.431746135496514,0.5636361815403834,-0.5141980583366331,0.4811547424116676,0.0,0.0,0.0,0.0,0.0,0.0
1782457859785809755,221,1782457859785809755,steamvr_world,1.0640344619750977,0.7386327981948853,0.6119844913482666,0.431746135496514,0.5636361815403834,-0.5141980583366331,0.4811547424116676,0.0,0.0,0.0,0.0,0.0,0.0
1782457859819180727,222,1782457859819180727,steamvr_world,1.0640344619750977,0.7386327981948853,0.6119844913482666,0.431746135496514,0.5636361815403834,-0.5141980583366331,0.4811547424116676,0.0,0.0,0.0,0.0,0.0,0.0
1782457859852498769,223,1782457859852498769,steamvr_world,1.0640344619750977,0.7386327981948853,0.6119844913482666,0.431746135496514,0.5636361815403834,-0.5141980583366331,0.4811547424116676,0.0,0.0,0.0,0.0,0.0,0.0
1782457859885823011,224,1782457859885823011,steamvr_world,1.0640344619750977,0.7386327981948853,0.6119844913482666,0.431746135496514,0.5636361815403834,-0.5141980583366331,0.4811547424116676,0.0,0.0,0.0,0.0,0.0,0.0
1782457859919167995,225,1782457859919167995,steamvr_world,1.0640344619750977,0.7386327981948853,0.6119844913482666,0.431746135496514,0.5636361815403834,-0.5141980583366331,0.4811547424116676,0.0,0.0,0.0,0.0,0.0,0.0
1782457859952521562,226,1782457859952521562,steamvr_world,1.0640344619750977,0.7386327981948853,0.6119844913482666,0.431746135496514,0.5636361815403834,-0.5141980583366331,0.4811547424116676,0.0,0.0,0.0,0.0,0.0,0.0
1782457859985817193,227,1782457859985817193,steamvr_world,1.0640344619750977,0.7386327981948853,0.6119844913482666,0.431746135496514,0.5636361815403834,-0.5141980583366331,0.4811547424116676,0.0,0.0,0.0,0.0,0.0,0.0
1782457860019146442,228,1782457860019146442,steamvr_world,1.0640344619750977,0.7386327981948853,0.6119844913482666,0.431746135496514,0.5636361815403834,-0.5141980583366331,0.4811547424116676,0.0,0.0,0.0,0.0,0.0,0.0
1782457860052482604,229,1782457860052482604,steamvr_world,1.0640344619750977,0.7386327981948853,0.6119844913482666,0.431746135496514,0.5636361815403834,-0.5141980583366331,0.4811547424116676,0.0,0.0,0.0,0.0,0.0,0.0
1782457860085813999,230,1782457860085813999,steamvr_world,1.0640344619750977,0.7386327981948853,0.6119844913482666,0.431746135496514,0.5636361815403834,-0.5141980583366331,0.4811547424116676,0.0,0.0,0.0,0.0,0.0,0.0
1782457860119138956,231,1782457860119138956,steamvr_world,1.0640344619750977,0.7386327981948853,0.6119844913482666,0.431746135496514,0.5636361815403834,-0.5141980583366331,0.4811547424116676,0.0,0.0,0.0,0.0,0.0,0.0
1782457860152472734,232,1782457860152472734,steamvr_world,1.0640344619750977,0.7386327981948853,0.6119844913482666,0.431746135496514,0.5636361815403834,-0.5141980583366331,0.4811547424116676,0.0,0.0,0.0,0.0,0.0,0.0
1782457860185802936,233,1782457860185802936,steamvr_world,1.0640344619750977,0.7386327981948853,0.6119844913482666,0.431746135496514,0.5636361815403834,-0.5141980583366331,0.4811547424116676,0.0,0.0,0.0,0.0,0.0,0.0
1782457860219137430,234,1782457860219137430,steamvr_world,1.0640344619750977,0.7386327981948853,0.6119844913482666,0.431746135496514,0.5636361815403834,-0.5141980583366331,0.4811547424116676,0.0,0.0,0.0,0.0,0.0,0.0
1782457860252469062,235,1782457860252469062,steamvr_world,1.0640344619750977,0.7386327981948853,0.6119844913482666,0.431746135496514,0.5636361815403834,-0.5141980583366331,0.4811547424116676,0.0,0.0,0.0,0.0,0.0,0.0
1782457860285805225,236,1782457860285805225,steamvr_world,1.0640344619750977,0.7386327981948853,0.6119844913482666,0.431746135496514,0.5636361815403834,-0.5141980583366331,0.4811547424116676,0.0,0.0,0.0,0.0,0.0,0.0
1782457860319136619,237,1782457860319136619,steamvr_world,1.0640344619750977,0.7386327981948853,0.6119844913482666,0.431746135496514,0.5636361815403834,-0.5141980583366331,0.4811547424116676,0.0,0.0,0.0,0.0,0.0,0.0
1782457860352469444,238,1782457860352469444,steamvr_world,1.0640344619750977,0.7386327981948853,0.6119844913482666,0.431746135496514,0.5636361815403834,-0.5141980583366331,0.4811547424116676,0.0,0.0,0.0,0.0,0.0,0.0
1782457860385802745,239,1782457860385802745,steamvr_world,1.0640344619750977,0.7386327981948853,0.6119844913482666,0.431746135496514,0.5636361815403834,-0.5141980583366331,0.4811547424116676,0.0,0.0,0.0,0.0,0.0,0.0
1782457860419135093,240,1782457860419135093,steamvr_world,1.0640344619750977,0.7386327981948853,0.6119844913482666,0.431746135496514,0.5636361815403834,-0.5141980583366331,0.4811547424116676,0.0,0.0,0.0,0.0,0.0,0.0
1782457860452467441,241,1782457860452467441,steamvr_world,1.0640344619750977,0.7386327981948853,0.6119844913482666,0.431746135496514,0.5636361815403834,-0.5141980583366331,0.4811547424116676,0.0,0.0,0.0,0.0,0.0,0.0
1782457860485801696,242,1782457860485801696,steamvr_world,1.0640344619750977,0.7386327981948853,0.6119844913482666,0.431746135496514,0.5636361815403834,-0.5141980583366331,0.4811547424116676,0.0,0.0,0.0,0.0,0.0,0.0
1782457860519135713,243,1782457860519135713,steamvr_world,1.0640344619750977,0.7386327981948853,0.6119844913482666,0.431746135496514,0.5636361815403834,-0.5141980583366331,0.4811547424116676,0.0,0.0,0.0,0.0,0.0,0.0
1782457860552470207,244,1782457860552470207,steamvr_world,1.0640344619750977,0.7386327981948853,0.6119844913482666,0.431746135496514,0.5636361815403834,-0.5141980583366331,0.4811547424116676,0.0,0.0,0.0,0.0,0.0,0.0
1782457860585806131,245,1782457860585806131,steamvr_world,1.0640344619750977,0.7386327981948853,0.6119844913482666,0.431746135496514,0.5636361815403834,-0.5141980583366331,0.4811547424116676,0.0,0.0,0.0,0.0,0.0,0.0
1782457860619137525,246,1782457860619137525,steamvr_world,1.0640344619750977,0.7386327981948853,0.6119844913482666,0.431746135496514,0.5636361815403834,-0.5141980583366331,0.4811547424116676,0.0,0.0,0.0,0.0,0.0,0.0
1782457860652462959,247,1782457860652462959,steamvr_world,1.0640344619750977,0.7386327981948853,0.6119844913482666,0.431746135496514,0.5636361815403834,-0.5141980583366331,0.4811547424116676,0.0,0.0,0.0,0.0,0.0,0.0
1782457860685805082,248,1782457860685805082,steamvr_world,1.0640344619750977,0.7386327981948853,0.6119844913482666,0.431746135496514,0.5636361815403834,-0.5141980583366331,0.4811547424116676,0.0,0.0,0.0,0.0,0.0,0.0
1782457860719136238,249,1782457860719136238,steamvr_world,1.0640344619750977,0.7386327981948853,0.6119844913482666,0.431746135496514,0.5636361815403834,-0.5141980583366331,0.4811547424116676,0.0,0.0,0.0,0.0,0.0,0.0
1782457860752474069,250,1782457860752474069,steamvr_world,1.0640344619750977,0.7386327981948853,0.6119844913482666,0.431746135496514,0.5636361815403834,-0.5141980583366331,0.4811547424116676,0.0,0.0,0.0,0.0,0.0,0.0
1782457860785806179,251,1782457860785806179,steamvr_world,1.0640344619750977,0.7386327981948853,0.6119844913482666,0.431746135496514,0.5636361815403834,-0.5141980583366331,0.4811547424116676,0.0,0.0,0.0,0.0,0.0,0.0
1782457860819135189,252,1782457860819135189,steamvr_world,1.0640344619750977,0.7386327981948853,0.6119844913482666,0.431746135496514,0.5636361815403834,-0.5141980583366331,0.4811547424116676,0.0,0.0,0.0,0.0,0.0,0.0
1782457860852459192,253,1782457860852459192,steamvr_world,1.0640344619750977,0.7386327981948853,0.6119844913482666,0.431746135496514,0.5636361815403834,-0.5141980583366331,0.4811547424116676,0.0,0.0,0.0,0.0,0.0,0.0
1782457860885803461,254,1782457860885803461,steamvr_world,1.0640344619750977,0.7386327981948853,0.6119844913482666,0.431746135496514,0.5636361815403834,-0.5141980583366331,0.4811547424116676,0.0,0.0,0.0,0.0,0.0,0.0
1782457860919135570,255,1782457860919135570,steamvr_world,1.0640344619750977,0.7386327981948853,0.6119844913482666,0.431746135496514,0.5636361815403834,-0.5141980583366331,0.4811547424116676,0.0,0.0,0.0,0.0,0.0,0.0
1782457860952473402,256,1782457860952473402,steamvr_world,1.0640344619750977,0.7386327981948853,0.6119844913482666,0.431746135496514,0.5636361815403834,-0.5141980583366331,0.4811547424116676,0.0,0.0,0.0,0.0,0.0,0.0
1782457860985831975,257,1782457860985831975,steamvr_world,1.0640344619750977,0.7386327981948853,0.6119844913482666,0.431746135496514,0.5636361815403834,-0.5141980583366331,0.4811547424116676,0.0,0.0,0.0,0.0,0.0,0.0
1782457861019161462,258,1782457861019161462,steamvr_world,1.0640344619750977,0.7386327981948853,0.6119844913482666,0.431746135496514,0.5636361815403834,-0.5141980583366331,0.4811547424116676,0.0,0.0,0.0,0.0,0.0,0.0
1782457861052493572,259,1782457861052493572,steamvr_world,1.0640344619750977,0.7386327981948853,0.6119844913482666,0.431746135496514,0.5636361815403834,-0.5141980583366331,0.4811547424116676,0.0,0.0,0.0,0.0,0.0,0.0
1782457861085831642,260,1782457861085831642,steamvr_world,1.0640344619750977,0.7386327981948853,0.6119844913482666,0.431746135496514,0.5636361815403834,-0.5141980583366331,0.4811547424116676,0.0,0.0,0.0,0.0,0.0,0.0
1782457861119158506,261,1782457861119158506,steamvr_world,1.0640344619750977,0.7386327981948853,0.6119844913482666,0.431746135496514,0.5636361815403834,-0.5141980583366331,0.4811547424116676,0.0,0.0,0.0,0.0,0.0,0.0
1782457861152489662,262,1782457861152489662,steamvr_world,1.0640344619750977,0.7386327981948853,0.6119844913482666,0.431746135496514,0.5636361815403834,-0.5141980583366331,0.4811547424116676,0.0,0.0,0.0,0.0,0.0,0.0
1782457861185831308,263,1782457861185831308,steamvr_world,1.0640344619750977,0.7386327981948853,0.6119844913482666,0.431746135496514,0.5636361815403834,-0.5141980583366331,0.4811547424116676,0.0,0.0,0.0,0.0,0.0,0.0
1782457861219161748,264,1782457861219161748,steamvr_world,1.0640344619750977,0.7386327981948853,0.6119844913482666,0.431746135496514,0.5636361815403834,-0.5141980583366331,0.4811547424116676,0.0,0.0,0.0,0.0,0.0,0.0
1782457861252495765,265,1782457861252495765,steamvr_world,1.0640344619750977,0.7386327981948853,0.6119844913482666,0.431746135496514,0.5636361815403834,-0.5141980583366331,0.4811547424116676,0.0,0.0,0.0,0.0,0.0,0.0
1782457861285837650,266,1782457861285837650,steamvr_world,1.0640344619750977,0.7386327981948853,0.6119844913482666,0.431746135496514,0.5636361815403834,-0.5141980583366331,0.4811547424116676,0.0,0.0,0.0,0.0,0.0,0.0
1782457861319165945,267,1782457861319165945,steamvr_world,1.0640344619750977,0.7386327981948853,0.6119844913482666,0.431746135496514,0.5636361815403834,-0.5141980583366331,0.4811547424116676,0.0,0.0,0.0,0.0,0.0,0.0
1782457861352497100,268,1782457861352497100,steamvr_world,1.0640344619750977,0.7386327981948853,0.6119844913482666,0.431746135496514,0.5636361815403834,-0.5141980583366331,0.4811547424116676,0.0,0.0,0.0,0.0,0.0,0.0
1782457861385831356,269,1782457861385831356,steamvr_world,1.0640344619750977,0.7386327981948853,0.6119844913482666,0.431746135496514,0.5636361815403834,-0.5141980583366331,0.4811547424116676,0.0,0.0,0.0,0.0,0.0,0.0
1782457861419162511,270,1782457861419162511,steamvr_world,1.0640344619750977,0.7386327981948853,0.6119844913482666,0.431746135496514,0.5636361815403834,-0.5141980583366331,0.4811547424116676,0.0,0.0,0.0,0.0,0.0,0.0
1782457861452506303,271,1782457861452506303,steamvr_world,1.0640344619750977,0.7386327981948853,0.6119844913482666,0.431746135496514,0.5636361815403834,-0.5141980583366331,0.4811547424116676,0.0,0.0,0.0,0.0,0.0,0.0
1782457861485847473,272,1782457861485847473,steamvr_world,1.0640344619750977,0.7386327981948853,0.6119844913482666,0.431746135496514,0.5636361815403834,-0.5141980583366331,0.4811547424116676,0.0,0.0,0.0,0.0,0.0,0.0
1782457861519147634,273,1782457861519147634,steamvr_world,1.0640344619750977,0.7386327981948853,0.6119844913482666,0.431746135496514,0.5636361815403834,-0.5141980583366331,0.4811547424116676,0.0,0.0,0.0,0.0,0.0,0.0
1782457861552494764,274,1782457861552494764,steamvr_world,1.0640344619750977,0.7386327981948853,0.6119844913482666,0.431746135496514,0.5636361815403834,-0.5141980583366331,0.4811547424116676,0.0,0.0,0.0,0.0,0.0,0.0
1782457861585831642,275,1782457861585831642,steamvr_world,1.0640344619750977,0.7386327981948853,0.6119844913482666,0.431746135496514,0.5636361815403834,-0.5141980583366331,0.4811547424116676,0.0,0.0,0.0,0.0,0.0,0.0
1782457861619153738,276,1782457861619153738,steamvr_world,1.0640344619750977,0.7386327981948853,0.6119844913482666,0.431746135496514,0.5636361815403834,-0.5141980583366331,0.4811547424116676,0.0,0.0,0.0,0.0,0.0,0.0
1782457861652503490,277,1782457861652503490,steamvr_world,1.0640344619750977,0.7386327981948853,0.6119844913482666,0.431746135496514,0.5636361815403834,-0.5141980583366331,0.4811547424116676,0.0,0.0,0.0,0.0,0.0,0.0
1782457861685825824,278,1782457861685825824,steamvr_world,1.0640344619750977,0.7386327981948853,0.6119844913482666,0.431746135496514,0.5636361815403834,-0.5141980583366331,0.4811547424116676,0.0,0.0,0.0,0.0,0.0,0.0
1782457861719165325,279,1782457861719165325,steamvr_world,1.0640344619750977,0.7386327981948853,0.6119844913482666,0.431746135496514,0.5636361815403834,-0.5141980583366331,0.4811547424116676,0.0,0.0,0.0,0.0,0.0,0.0
1782457861752483844,280,1782457861752483844,steamvr_world,1.0640344619750977,0.7386327981948853,0.6119844913482666,0.431746135496514,0.5636361815403834,-0.5141980583366331,0.4811547424116676,0.0,0.0,0.0,0.0,0.0,0.0
1782457861785850048,281,1782457861785850048,steamvr_world,1.0640344619750977,0.7386327981948853,0.6119844913482666,0.431746135496514,0.5636361815403834,-0.5141980583366331,0.4811547424116676,0.0,0.0,0.0,0.0,0.0,0.0
1782457861819164752,282,1782457861819164752,steamvr_world,1.0640344619750977,0.7386327981948853,0.6119844913482666,0.431746135496514,0.5636361815403834,-0.5141980583366331,0.4811547424116676,0.0,0.0,0.0,0.0,0.0,0.0
1782457861852504253,283,1782457861852504253,steamvr_world,1.0640344619750977,0.7386327981948853,0.6119844913482666,0.431746135496514,0.5636361815403834,-0.5141980583366331,0.4811547424116676,0.0,0.0,0.0,0.0,0.0,0.0
1782457861885827064,284,1782457861885827064,steamvr_world,1.0640344619750977,0.7386327981948853,0.6119844913482666,0.431746135496514,0.5636361815403834,-0.5141980583366331,0.4811547424116676,0.0,0.0,0.0,0.0,0.0,0.0
1782457861919161081,285,1782457861919161081,steamvr_world,1.0640344619750977,0.7386327981948853,0.6119844913482666,0.431746135496514,0.5636361815403834,-0.5141980583366331,0.4811547424116676,0.0,0.0,0.0,0.0,0.0,0.0
1782457861952482461,286,1782457861952482461,steamvr_world,1.0640344619750977,0.7386327981948853,0.6119844913482666,0.431746135496514,0.5636361815403834,-0.5141980583366331,0.4811547424116676,0.0,0.0,0.0,0.0,0.0,0.0
1782457861985807180,287,1782457861985807180,steamvr_world,1.0640344619750977,0.7386327981948853,0.6119844913482666,0.431746135496514,0.5636361815403834,-0.5141980583366331,0.4811547424116676,0.0,0.0,0.0,0.0,0.0,0.0
1782457862019177436,288,1782457862019177436,steamvr_world,1.0640344619750977,0.7386327981948853,0.6119844913482666,0.431746135496514,0.5636361815403834,-0.5141980583366331,0.4811547424116676,0.0,0.0,0.0,0.0,0.0,0.0
1782457862052515983,289,1782457862052515983,steamvr_world,1.0640344619750977,0.7386327981948853,0.6119844913482666,0.431746135496514,0.5636361815403834,-0.5141980583366331,0.4811547424116676,0.0,0.0,0.0,0.0,0.0,0.0
1782457862085840702,290,1782457862085840702,steamvr_world,1.0640344619750977,0.7386327981948853,0.6119844913482666,0.431746135496514,0.5636361815403834,-0.5141980583366331,0.4811547424116676,0.0,0.0,0.0,0.0,0.0,0.0
1782457862119161844,291,1782457862119161844,steamvr_world,1.0640344619750977,0.7386327981948853,0.6119844913482666,0.431746135496514,0.5636361815403834,-0.5141980583366331,0.4811547424116676,0.0,0.0,0.0,0.0,0.0,0.0
1782457862152491331,292,1782457862152491331,steamvr_world,1.0640344619750977,0.7386327981948853,0.6119844913482666,0.431746135496514,0.5636361815403834,-0.5141980583366331,0.4811547424116676,0.0,0.0,0.0,0.0,0.0,0.0
1782457862185828685,293,1782457862185828685,steamvr_world,1.0640344619750977,0.7386327981948853,0.6119844913482666,0.431746135496514,0.5636361815403834,-0.5141980583366331,0.4811547424116676,0.0,0.0,0.0,0.0,0.0,0.0
1782457862219162702,294,1782457862219162702,steamvr_world,1.0640344619750977,0.7386327981948853,0.6119844913482666,0.431746135496514,0.5636361815403834,-0.5141980583366331,0.4811547424116676,0.0,0.0,0.0,0.0,0.0,0.0
1782457862252487421,295,1782457862252487421,steamvr_world,1.0640344619750977,0.7386327981948853,0.6119844913482666,0.431746135496514,0.5636361815403834,-0.5141980583366331,0.4811547424116676,0.0,0.0,0.0,0.0,0.0,0.0
1782457862285820245,296,1782457862285820245,steamvr_world,1.0640344619750977,0.7386327981948853,0.6119844913482666,0.431746135496514,0.5636361815403834,-0.5141980583366331,0.4811547424116676,0.0,0.0,0.0,0.0,0.0,0.0
1782457862319159269,297,1782457862319159269,steamvr_world,1.0640344619750977,0.7386327981948853,0.6119844913482666,0.431746135496514,0.5636361815403834,-0.5141980583366331,0.4811547424116676,0.0,0.0,0.0,0.0,0.0,0.0
1782457862352493524,298,1782457862352493524,steamvr_world,1.0640344619750977,0.7386327981948853,0.6119844913482666,0.431746135496514,0.5636361815403834,-0.5141980583366331,0.4811547424116676,0.0,0.0,0.0,0.0,0.0,0.0
1782457862385826587,299,1782457862385826587,steamvr_world,1.0640344619750977,0.7386327981948853,0.6119844913482666,0.431746135496514,0.5636361815403834,-0.5141980583366331,0.4811547424116676,0.0,0.0,0.0,0.0,0.0,0.0
1782457862419154644,300,1782457862419154644,steamvr_world,1.0640344619750977,0.7386327981948853,0.6119844913482666,0.431746135496514,0.5636361815403834,-0.5141980583366331,0.4811547424116676,0.0,0.0,0.0,0.0,0.0,0.0
1782457862452477455,301,1782457862452477455,steamvr_world,1.0640344619750977,0.7386327981948853,0.6119844913482666,0.431746135496514,0.5636361815403834,-0.5141980583366331,0.4811547424116676,0.0,0.0,0.0,0.0,0.0,0.0
1782457862485814332,302,1782457862485814332,steamvr_world,1.0640344619750977,0.7386327981948853,0.6119844913482666,0.431746135496514,0.5636361815403834,-0.5141980583366331,0.4811547424116676,0.0,0.0,0.0,0.0,0.0,0.0
1782457862519148826,303,1782457862519148826,steamvr_world,1.0640344619750977,0.7386327981948853,0.6119844913482666,0.431746135496514,0.5636361815403834,-0.5141980583366331,0.4811547424116676,0.0,0.0,0.0,0.0,0.0,0.0
1782457862552489042,304,1782457862552489042,steamvr_world,1.0640344619750977,0.7386327981948853,0.6119844913482666,0.431746135496514,0.5636361815403834,-0.5141980583366331,0.4811547424116676,0.0,0.0,0.0,0.0,0.0,0.0
1782457862585819959,305,1782457862585819959,steamvr_world,1.0640344619750977,0.7386327981948853,0.6119844913482666,0.431746135496514,0.5636361815403834,-0.5141980583366331,0.4811547424116676,0.0,0.0,0.0,0.0,0.0,0.0
1782457862619155406,306,1782457862619155406,steamvr_world,1.0640344619750977,0.7386327981948853,0.6119844913482666,0.431746135496514,0.5636361815403834,-0.5141980583366331,0.4811547424116676,0.0,0.0,0.0,0.0,0.0,0.0
1782457862652481794,307,1782457862652481794,steamvr_world,1.0640344619750977,0.7386327981948853,0.6119844913482666,0.431746135496514,0.5636361815403834,-0.5141980583366331,0.4811547424116676,0.0,0.0,0.0,0.0,0.0,0.0
1782457862685806989,308,1782457862685806989,steamvr_world,1.0640344619750977,0.7386327981948853,0.6119844913482666,0.431746135496514,0.5636361815403834,-0.5141980583366331,0.4811547424116676,0.0,0.0,0.0,0.0,0.0,0.0
1782457862719150781,309,1782457862719150781,steamvr_world,1.0640344619750977,0.7386327981948853,0.6119844913482666,0.431746135496514,0.5636361815403834,-0.5141980583366331,0.4811547424116676,0.0,0.0,0.0,0.0,0.0,0.0
1782457862752472400,310,1782457862752472400,steamvr_world,1.0640344619750977,0.7386327981948853,0.6119844913482666,0.431746135496514,0.5636361815403834,-0.5141980583366331,0.4811547424116676,0.0,0.0,0.0,0.0,0.0,0.0
1782457862785814046,311,1782457862785814046,steamvr_world,1.0640344619750977,0.7386327981948853,0.6119844913482666,0.431746135496514,0.5636361815403834,-0.5141980583366331,0.4811547424116676,0.0,0.0,0.0,0.0,0.0,0.0
1782457862819157361,312,1782457862819157361,steamvr_world,1.0640344619750977,0.7386327981948853,0.6119844913482666,0.431746135496514,0.5636361815403834,-0.5141980583366331,0.4811547424116676,0.0,0.0,0.0,0.0,0.0,0.0
1782457862852483987,313,1782457862852483987,steamvr_world,1.0640344619750977,0.7386327981948853,0.6119844913482666,0.431746135496514,0.5636361815403834,-0.5141980583366331,0.4811547424116676,0.0,0.0,0.0,0.0,0.0,0.0
1782457862885829448,314,1782457862885829448,steamvr_world,1.0640344619750977,0.7386327981948853,0.6119844913482666,0.431746135496514,0.5636361815403834,-0.5141980583366331,0.4811547424116676,0.0,0.0,0.0,0.0,0.0,0.0
1782457862919154882,315,1782457862919154882,steamvr_world,1.0640344619750977,0.7386327981948853,0.6119844913482666,0.431746135496514,0.5636361815403834,-0.5141980583366331,0.4811547424116676,0.0,0.0,0.0,0.0,0.0,0.0
1782457862952493429,316,1782457862952493429,steamvr_world,1.0640344619750977,0.7386327981948853,0.6119844913482666,0.431746135496514,0.5636361815403834,-0.5141980583366331,0.4811547424116676,0.0,0.0,0.0,0.0,0.0,0.0
1782457862985823392,317,1782457862985823392,steamvr_world,1.0640344619750977,0.7386327981948853,0.6119844913482666,0.431746135496514,0.5636361815403834,-0.5141980583366331,0.4811547424116676,0.0,0.0,0.0,0.0,0.0,0.0
1782457863019160985,318,1782457863019160985,steamvr_world,1.0640344619750977,0.7386327981948853,0.6119844913482666,0.431746135496514,0.5636361815403834,-0.5141980583366331,0.4811547424116676,0.0,0.0,0.0,0.0,0.0,0.0
1782457863052486419,319,1782457863052486419,steamvr_world,1.0640344619750977,0.7386327981948853,0.6119844913482666,0.431746135496514,0.5636361815403834,-0.5141980583366331,0.4811547424116676,0.0,0.0,0.0,0.0,0.0,0.0
1782457863085824251,320,1782457863085824251,steamvr_world,1.0640344619750977,0.7386327981948853,0.6119844913482666,0.431746135496514,0.5636361815403834,-0.5141980583366331,0.4811547424116676,0.0,0.0,0.0,0.0,0.0,0.0
1782457863119160652,321,1782457863119160652,steamvr_world,1.0640344619750977,0.7386327981948853,0.6119844913482666,0.431746135496514,0.5636361815403834,-0.5141980583366331,0.4811547424116676,0.0,0.0,0.0,0.0,0.0,0.0
1782457863152486801,322,1782457863152486801,steamvr_world,1.0640344619750977,0.7386327981948853,0.6119844913482666,0.431746135496514,0.5636361815403834,-0.5141980583366331,0.4811547424116676,0.0,0.0,0.0,0.0,0.0,0.0
1782457863185822486,323,1782457863185822486,steamvr_world,1.0640344619750977,0.7386327981948853,0.6119844913482666,0.431746135496514,0.5636361815403834,-0.5141980583366331,0.4811547424116676,0.0,0.0,0.0,0.0,0.0,0.0
1782457863219156265,324,1782457863219156265,steamvr_world,1.0640344619750977,0.7386327981948853,0.6119844913482666,0.431746135496514,0.5636361815403834,-0.5141980583366331,0.4811547424116676,0.0,0.0,0.0,0.0,0.0,0.0
1782457863252477169,325,1782457863252477169,steamvr_world,1.0640344619750977,0.7386327981948853,0.6119844913482666,0.431746135496514,0.5636361815403834,-0.5141980583366331,0.4811547424116676,0.0,0.0,0.0,0.0,0.0,0.0
1782457863285817146,326,1782457863285817146,steamvr_world,1.0640344619750977,0.7386327981948853,0.6119844913482666,0.431746135496514,0.5636361815403834,-0.5141980583366331,0.4811547424116676,0.0,0.0,0.0,0.0,0.0,0.0
1782457863319165468,327,1782457863319165468,steamvr_world,1.0640344619750977,0.7386327981948853,0.6119844913482666,0.431746135496514,0.5636361815403834,-0.5141980583366331,0.4811547424116676,0.0,0.0,0.0,0.0,0.0,0.0
1782457863352488756,328,1782457863352488756,steamvr_world,1.0640344619750977,0.7386327981948853,0.6119844913482666,0.431746135496514,0.5636361815403834,-0.5141980583366331,0.4811547424116676,0.0,0.0,0.0,0.0,0.0,0.0
1782457863385823726,329,1782457863385823726,steamvr_world,1.0640344619750977,0.7386327981948853,0.6119844913482666,0.431746135496514,0.5636361815403834,-0.5141980583366331,0.4811547424116676,0.0,0.0,0.0,0.0,0.0,0.0
1782457863419149875,330,1782457863419149875,steamvr_world,1.0640344619750977,0.7386327981948853,0.6119844913482666,0.431746135496514,0.5636361815403834,-0.5141980583366331,0.4811547424116676,0.0,0.0,0.0,0.0,0.0,0.0
1782457863452481508,331,1782457863452481508,steamvr_world,1.0640344619750977,0.7386327981948853,0.6119844913482666,0.431746135496514,0.5636361815403834,-0.5141980583366331,0.4811547424116676,0.0,0.0,0.0,0.0,0.0,0.0
1782457863485811471,332,1782457863485811471,steamvr_world,1.0640344619750977,0.7386327981948853,0.6119844913482666,0.431746135496514,0.5636361815403834,-0.5141980583366331,0.4811547424116676,0.0,0.0,0.0,0.0,0.0,0.0
1782457863519146442,333,1782457863519146442,steamvr_world,1.0640344619750977,0.7386327981948853,0.6119844913482666,0.431746135496514,0.5636361815403834,-0.5141980583366331,0.4811547424116676,0.0,0.0,0.0,0.0,0.0,0.0
1782457863552477598,334,1782457863552477598,steamvr_world,1.0640344619750977,0.7386327981948853,0.6119844913482666,0.431746135496514,0.5636361815403834,-0.5141980583366331,0.4811547424116676,0.0,0.0,0.0,0.0,0.0,0.0
1782457863585818767,335,1782457863585818767,steamvr_world,1.0640344619750977,0.7386327981948853,0.6119844913482666,0.431746135496514,0.5636361815403834,-0.5141980583366331,0.4811547424116676,0.0,0.0,0.0,0.0,0.0,0.0
1782457863619148492,336,1782457863619148492,steamvr_world,1.0640344619750977,0.7386327981948853,0.6119844913482666,0.431746135496514,0.5636361815403834,-0.5141980583366331,0.4811547424116676,0.0,0.0,0.0,0.0,0.0,0.0
1782457863652467966,337,1782457863652467966,steamvr_world,1.0640344619750977,0.7386327981948853,0.6119844913482666,0.431746135496514,0.5636361815403834,-0.5141980583366331,0.4811547424116676,0.0,0.0,0.0,0.0,0.0,0.0
1782457863685802936,338,1782457863685802936,steamvr_world,1.0640344619750977,0.7386327981948853,0.6119844913482666,0.431746135496514,0.5636361815403834,-0.5141980583366331,0.4811547424116676,0.0,0.0,0.0,0.0,0.0,0.0
1782457863719145059,339,1782457863719145059,steamvr_world,1.0640344619750977,0.7386327981948853,0.6119844913482666,0.431746135496514,0.5636361815403834,-0.5141980583366331,0.4811547424116676,0.0,0.0,0.0,0.0,0.0,0.0
1782457863752466201,340,1782457863752466201,steamvr_world,1.0640344619750977,0.7386327981948853,0.6119844913482666,0.431746135496514,0.5636361815403834,-0.5141980583366331,0.4811547424116676,0.0,0.0,0.0,0.0,0.0,0.0
1782457863785804271,341,1782457863785804271,steamvr_world,1.0640344619750977,0.7386327981948853,0.6119844913482666,0.431746135496514,0.5636361815403834,-0.5141980583366331,0.4811547424116676,0.0,0.0,0.0,0.0,0.0,0.0
1782457863819144010,342,1782457863819144010,steamvr_world,1.0640344619750977,0.7386327981948853,0.6119844913482666,0.431746135496514,0.5636361815403834,-0.5141980583366331,0.4811547424116676,0.0,0.0,0.0,0.0,0.0,0.0
1782457863852506637,343,1782457863852506637,steamvr_world,1.0640344619750977,0.7386327981948853,0.6119844913482666,0.431746135496514,0.5636361815403834,-0.5141980583366331,0.4811547424116676,0.0,0.0,0.0,0.0,0.0,0.0
1782457863885834455,344,1782457863885834455,steamvr_world,1.0640344619750977,0.7386327981948853,0.6119844913482666,0.431746135496514,0.5636361815403834,-0.5141980583366331,0.4811547424116676,0.0,0.0,0.0,0.0,0.0,0.0
1782457863919152498,345,1782457863919152498,steamvr_world,1.0640344619750977,0.7386327981948853,0.6119844913482666,0.431746135496514,0.5636361815403834,-0.5141980583366331,0.4811547424116676,0.0,0.0,0.0,0.0,0.0,0.0
1782457863952472209,346,1782457863952472209,steamvr_world,1.0640344619750977,0.7386327981948853,0.6119844913482666,0.431746135496514,0.5636361815403834,-0.5141980583366331,0.4811547424116676,0.0,0.0,0.0,0.0,0.0,0.0
1782457863985822439,347,1782457863985822439,steamvr_world,1.0640344619750977,0.7386327981948853,0.6119844913482666,0.431746135496514,0.5636361815403834,-0.5141980583366331,0.4811547424116676,0.0,0.0,0.0,0.0,0.0,0.0
1782457864019157648,348,1782457864019157648,steamvr_world,1.0640344619750977,0.7386327981948853,0.6119844913482666,0.431746135496514,0.5636361815403834,-0.5141980583366331,0.4811547424116676,0.0,0.0,0.0,0.0,0.0,0.0
1782457864052491188,349,1782457864052491188,steamvr_world,1.0640344619750977,0.7386327981948853,0.6119844913482666,0.431746135496514,0.5636361815403834,-0.5141980583366331,0.4811547424116676,0.0,0.0,0.0,0.0,0.0,0.0
1782457864085826873,350,1782457864085826873,steamvr_world,1.0640344619750977,0.7386327981948853,0.6119844913482666,0.431746135496514,0.5636361815403834,-0.5141980583366331,0.4811547424116676,0.0,0.0,0.0,0.0,0.0,0.0
1782457864119169950,351,1782457864119169950,steamvr_world,1.0640344619750977,0.7386327981948853,0.6119844913482666,0.431746135496514,0.5636361815403834,-0.5141980583366331,0.4811547424116676,0.0,0.0,0.0,0.0,0.0,0.0
1782457864152524948,352,1782457864152524948,steamvr_world,1.0640344619750977,0.7386327981948853,0.6119844913482666,0.431746135496514,0.5636361815403834,-0.5141980583366331,0.4811547424116676,0.0,0.0,0.0,0.0,0.0,0.0
1782457864185835599,353,1782457864185835599,steamvr_world,1.0640344619750977,0.7386327981948853,0.6119844913482666,0.431746135496514,0.5636361815403834,-0.5141980583366331,0.4811547424116676,0.0,0.0,0.0,0.0,0.0,0.0
1782457864219171524,354,1782457864219171524,steamvr_world,1.0640344619750977,0.7386327981948853,0.6119844913482666,0.431746135496514,0.5636361815403834,-0.5141980583366331,0.4811547424116676,0.0,0.0,0.0,0.0,0.0,0.0
1782457864252514600,355,1782457864252514600,steamvr_world,1.0640344619750977,0.7386327981948853,0.6119844913482666,0.431746135496514,0.5636361815403834,-0.5141980583366331,0.4811547424116676,0.0,0.0,0.0,0.0,0.0,0.0
1782457864285859584,356,1782457864285859584,steamvr_world,1.0640344619750977,0.7386327981948853,0.6119844913482666,0.431746135496514,0.5636361815403834,-0.5141980583366331,0.4811547424116676,0.0,0.0,0.0,0.0,0.0,0.0
1782457864319266319,357,1782457864319266319,steamvr_world,1.0640344619750977,0.7386327981948853,0.6119844913482666,0.431746135496514,0.5636361815403834,-0.5141980583366331,0.4811547424116676,0.0,0.0,0.0,0.0,0.0,0.0
1782457864352528095,358,1782457864352528095,steamvr_world,1.0640344619750977,0.7386327981948853,0.6119844913482666,0.431746135496514,0.5636361815403834,-0.5141980583366331,0.4811547424116676,0.0,0.0,0.0,0.0,0.0,0.0
1782457864385845899,359,1782457864385845899,steamvr_world,1.0640344619750977,0.7386327981948853,0.6119844913482666,0.431746135496514,0.5636361815403834,-0.5141980583366331,0.4811547424116676,0.0,0.0,0.0,0.0,0.0,0.0
1782457864419183731,360,1782457864419183731,steamvr_world,1.0640344619750977,0.7386327981948853,0.6119844913482666,0.431746135496514,0.5636361815403834,-0.5141980583366331,0.4811547424116676,0.0,0.0,0.0,0.0,0.0,0.0
1782457864452525615,361,1782457864452525615,steamvr_world,1.0640344619750977,0.7386327981948853,0.6119844913482666,0.431746135496514,0.5636361815403834,-0.5141980583366331,0.4811547424116676,0.0,0.0,0.0,0.0,0.0,0.0
1782457864485837936,362,1782457864485837936,steamvr_world,1.0640344619750977,0.7386327981948853,0.6119844913482666,0.431746135496514,0.5636361815403834,-0.5141980583366331,0.4811547424116676,0.0,0.0,0.0,0.0,0.0,0.0
1782457864519165039,363,1782457864519165039,steamvr_world,1.0640344619750977,0.7386327981948853,0.6119844913482666,0.431746135496514,0.5636361815403834,-0.5141980583366331,0.4811547424116676,0.0,0.0,0.0,0.0,0.0,0.0
1782457864552515268,364,1782457864552515268,steamvr_world,1.0640344619750977,0.7386327981948853,0.6119844913482666,0.431746135496514,0.5636361815403834,-0.5141980583366331,0.4811547424116676,0.0,0.0,0.0,0.0,0.0,0.0
1782457864585857629,365,1782457864585857629,steamvr_world,1.0640344619750977,0.7386327981948853,0.6119844913482666,0.431746135496514,0.5636361815403834,-0.5141980583366331,0.4811547424116676,0.0,0.0,0.0,0.0,0.0,0.0
1782457864619173526,366,1782457864619173526,steamvr_world,1.0640344619750977,0.7386327981948853,0.6119844913482666,0.431746135496514,0.5636361815403834,-0.5141980583366331,0.4811547424116676,0.0,0.0,0.0,0.0,0.0,0.0
1782457864652524232,367,1782457864652524232,steamvr_world,1.0640344619750977,0.7386327981948853,0.6119844913482666,0.431746135496514,0.5636361815403834,-0.5141980583366331,0.4811547424116676,0.0,0.0,0.0,0.0,0.0,0.0
1782457864685853719,368,1782457864685853719,steamvr_world,1.0640344619750977,0.7386327981948853,0.6119844913482666,0.431746135496514,0.5636361815403834,-0.5141980583366331,0.4811547424116676,0.0,0.0,0.0,0.0,0.0,0.0
1782457864719180107,369,1782457864719180107,steamvr_world,1.0640344619750977,0.7386327981948853,0.6119844913482666,0.431746135496514,0.5636361815403834,-0.5141980583366331,0.4811547424116676,0.0,0.0,0.0,0.0,0.0,0.0
1782457864752545356,370,1782457864752545356,steamvr_world,1.0640344619750977,0.7386327981948853,0.6119844913482666,0.431746135496514,0.5636361815403834,-0.5141980583366331,0.4811547424116676,0.0,0.0,0.0,0.0,0.0,0.0
1782457864785848617,371,1782457864785848617,steamvr_world,1.0640344619750977,0.7386327981948853,0.6119844913482666,0.431746135496514,0.5636361815403834,-0.5141980583366331,0.4811547424116676,0.0,0.0,0.0,0.0,0.0,0.0
1782457864819181680,372,1782457864819181680,steamvr_world,1.0640344619750977,0.7386327981948853,0.6119844913482666,0.431746135496514,0.5636361815403834,-0.5141980583366331,0.4811547424116676,0.0,0.0,0.0,0.0,0.0,0.0
1782457864852523326,373,1782457864852523326,steamvr_world,1.0640344619750977,0.7386327981948853,0.6119844913482666,0.431746135496514,0.5636361815403834,-0.5141980583366331,0.4811547424116676,0.0,0.0,0.0,0.0,0.0,0.0
1782457864885843992,374,1782457864885843992,steamvr_world,1.0640344619750977,0.7386327981948853,0.6119844913482666,0.431746135496514,0.5636361815403834,-0.5141980583366331,0.4811547424116676,0.0,0.0,0.0,0.0,0.0,0.0
1782457864919179439,375,1782457864919179439,steamvr_world,1.0640344619750977,0.7386327981948853,0.6119844913482666,0.431746135496514,0.5636361815403834,-0.5141980583366331,0.4811547424116676,0.0,0.0,0.0,0.0,0.0,0.0
1782457864952506303,376,1782457864952506303,steamvr_world,1.0640344619750977,0.7386327981948853,0.6119844913482666,0.431746135496514,0.5636361815403834,-0.5141980583366331,0.4811547424116676,0.0,0.0,0.0,0.0,0.0,0.0
1782457864985825538,377,1782457864985825538,steamvr_world,1.0640344619750977,0.7386327981948853,0.6119844913482666,0.431746135496514,0.5636361815403834,-0.5141980583366331,0.4811547424116676,0.0,0.0,0.0,0.0,0.0,0.0
1782457865019177436,378,1782457865019177436,steamvr_world,1.0640344619750977,0.7386327981948853,0.6119844913482666,0.431746135496514,0.5636361815403834,-0.5141980583366331,0.4811547424116676,0.0,0.0,0.0,0.0,0.0,0.0
1782457865052506446,379,1782457865052506446,steamvr_world,1.0640344619750977,0.7386327981948853,0.6119844913482666,0.431746135496514,0.5636361815403834,-0.5141980583366331,0.4811547424116676,0.0,0.0,0.0,0.0,0.0,0.0
1782457865085849761,380,1782457865085849761,steamvr_world,1.0640344619750977,0.7386327981948853,0.6119844913482666,0.431746135496514,0.5636361815403834,-0.5141980583366331,0.4811547424116676,0.0,0.0,0.0,0.0,0.0,0.0
1782457865119183540,381,1782457865119183540,steamvr_world,1.0640344619750977,0.7386327981948853,0.6119844913482666,0.431746135496514,0.5636361815403834,-0.5141980583366331,0.4811547424116676,0.0,0.0,0.0,0.0,0.0,0.0
1782457865152534246,382,1782457865152534246,steamvr_world,1.0640344619750977,0.7386327981948853,0.6119844913482666,0.431746135496514,0.5636361815403834,-0.5141980583366331,0.4811547424116676,0.0,0.0,0.0,0.0,0.0,0.0
1782457865185849666,383,1782457865185849666,steamvr_world,1.0640344619750977,0.7386327981948853,0.6119844913482666,0.431746135496514,0.5636361815403834,-0.5141980583366331,0.4811547424116676,0.0,0.0,0.0,0.0,0.0,0.0
1782457865219174385,384,1782457865219174385,steamvr_world,1.0640344619750977,0.7386327981948853,0.6119844913482666,0.431746135496514,0.5636361815403834,-0.5141980583366331,0.4811547424116676,0.0,0.0,0.0,0.0,0.0,0.0
1782457865252510786,385,1782457865252510786,steamvr_world,1.0640344619750977,0.7386327981948853,0.6119844913482666,0.431746135496514,0.5636361815403834,-0.5141980583366331,0.4811547424116676,0.0,0.0,0.0,0.0,0.0,0.0
1782457865285842895,386,1782457865285842895,steamvr_world,1.0640344619750977,0.7386327981948853,0.6119844913482666,0.431746135496514,0.5636361815403834,-0.5141980583366331,0.4811547424116676,0.0,0.0,0.0,0.0,0.0,0.0
1782457865319175958,387,1782457865319175958,steamvr_world,1.0640344619750977,0.7386327981948853,0.6119844913482666,0.431746135496514,0.5636361815403834,-0.5141980583366331,0.4811547424116676,0.0,0.0,0.0,0.0,0.0,0.0
1782457865352514982,388,1782457865352514982,steamvr_world,1.0640344619750977,0.7386327981948853,0.6119844913482666,0.431746135496514,0.5636361815403834,-0.5141980583366331,0.4811547424116676,0.0,0.0,0.0,0.0,0.0,0.0
1782457865385854959,389,1782457865385854959,steamvr_world,1.0640344619750977,0.7386327981948853,0.6119844913482666,0.431746135496514,0.5636361815403834,-0.5141980583366331,0.4811547424116676,0.0,0.0,0.0,0.0,0.0,0.0
1782457865419179201,390,1782457865419179201,steamvr_world,1.0640344619750977,0.7386327981948853,0.6119844913482666,0.431746135496514,0.5636361815403834,-0.5141980583366331,0.4811547424116676,0.0,0.0,0.0,0.0,0.0,0.0
1782457865452518701,391,1782457865452518701,steamvr_world,1.0640344619750977,0.7386327981948853,0.6119844913482666,0.431746135496514,0.5636361815403834,-0.5141980583366331,0.4811547424116676,0.0,0.0,0.0,0.0,0.0,0.0
1782457865485843658,392,1782457865485843658,steamvr_world,1.0640344619750977,0.7386327981948853,0.6119844913482666,0.431746135496514,0.5636361815403834,-0.5141980583366331,0.4811547424116676,0.0,0.0,0.0,0.0,0.0,0.0
1782457865519177436,393,1782457865519177436,steamvr_world,1.0640344619750977,0.7386327981948853,0.6119844913482666,0.431746135496514,0.5636361815403834,-0.5141980583366331,0.4811547424116676,0.0,0.0,0.0,0.0,0.0,0.0
1782457865552518844,394,1782457865552518844,steamvr_world,1.0640344619750977,0.7386327981948853,0.6119844913482666,0.431746135496514,0.5636361815403834,-0.5141980583366331,0.4811547424116676,0.0,0.0,0.0,0.0,0.0,0.0
1782457865585838317,395,1782457865585838317,steamvr_world,1.0640344619750977,0.7386327981948853,0.6119844913482666,0.431746135496514,0.5636361815403834,-0.5141980583366331,0.4811547424116676,0.0,0.0,0.0,0.0,0.0,0.0
1782457865619179725,396,1782457865619179725,steamvr_world,1.0640344619750977,0.7386327981948853,0.6119844913482666,0.431746135496514,0.5636361815403834,-0.5141980583366331,0.4811547424116676,0.0,0.0,0.0,0.0,0.0,0.0
1782457865652518987,397,1782457865652518987,steamvr_world,1.0640344619750977,0.7386327981948853,0.6119844913482666,0.431746135496514,0.5636361815403834,-0.5141980583366331,0.4811547424116676,0.0,0.0,0.0,0.0,0.0,0.0
1782457865685854673,398,1782457865685854673,steamvr_world,1.0640344619750977,0.7386327981948853,0.6119844913482666,0.431746135496514,0.5636361815403834,-0.5141980583366331,0.4811547424116676,0.0,0.0,0.0,0.0,0.0,0.0
1782457865719185590,399,1782457865719185590,steamvr_world,1.0640344619750977,0.7386327981948853,0.6119844913482666,0.431746135496514,0.5636361815403834,-0.5141980583366331,0.4811547424116676,0.0,0.0,0.0,0.0,0.0,0.0
1782457865752519607,400,1782457865752519607,steamvr_world,1.0640344619750977,0.7386327981948853,0.6119844913482666,0.431746135496514,0.5636361815403834,-0.5141980583366331,0.4811547424116676,0.0,0.0,0.0,0.0,0.0,0.0
1782457865785839319,401,1782457865785839319,steamvr_world,1.0640344619750977,0.7386327981948853,0.6119844913482666,0.431746135496514,0.5636361815403834,-0.5141980583366331,0.4811547424116676,0.0,0.0,0.0,0.0,0.0,0.0
1782457865819194793,402,1782457865819194793,steamvr_world,1.0640344619750977,0.7386327981948853,0.6119844913482666,0.431746135496514,0.5636361815403834,-0.5141980583366331,0.4811547424116676,0.0,0.0,0.0,0.0,0.0,0.0
1782457865852529525,403,1782457865852529525,steamvr_world,1.0640344619750977,0.7386327981948853,0.6119844913482666,0.431746135496514,0.5636361815403834,-0.5141980583366331,0.4811547424116676,0.0,0.0,0.0,0.0,0.0,0.0
1782457865885843515,404,1782457865885843515,steamvr_world,1.0640344619750977,0.7386327981948853,0.6119844913482666,0.431746135496514,0.5636361815403834,-0.5141980583366331,0.4811547424116676,0.0,0.0,0.0,0.0,0.0,0.0
1782457865919180631,405,1782457865919180631,steamvr_world,1.0640344619750977,0.7386327981948853,0.6119844913482666,0.431746135496514,0.5636361815403834,-0.5141980583366331,0.4811547424116676,0.0,0.0,0.0,0.0,0.0,0.0
1782457865952515840,406,1782457865952515840,steamvr_world,1.0640344619750977,0.7386327981948853,0.6119844913482666,0.431746135496514,0.5636361815403834,-0.5141980583366331,0.4811547424116676,0.0,0.0,0.0,0.0,0.0,0.0
1782457865985837459,407,1782457865985837459,steamvr_world,1.0640344619750977,0.7386327981948853,0.6119844913482666,0.431746135496514,0.5636361815403834,-0.5141980583366331,0.4811547424116676,0.0,0.0,0.0,0.0,0.0,0.0
1782457866019159555,408,1782457866019159555,steamvr_world,1.0640344619750977,0.7386327981948853,0.6119844913482666,0.431746135496514,0.5636361815403834,-0.5141980583366331,0.4811547424116676,0.0,0.0,0.0,0.0,0.0,0.0
1782457866052480936,409,1782457866052480936,steamvr_world,1.0640344619750977,0.7386327981948853,0.6119844913482666,0.431746135496514,0.5636361815403834,-0.5141980583366331,0.4811547424116676,0.0,0.0,0.0,0.0,0.0,0.0
1782457866085837602,410,1782457866085837602,steamvr_world,1.0640344619750977,0.7386327981948853,0.6119844913482666,0.431746135496514,0.5636361815403834,-0.5141980583366331,0.4811547424116676,0.0,0.0,0.0,0.0,0.0,0.0
1782457866119158029,411,1782457866119158029,steamvr_world,1.0640344619750977,0.7386327981948853,0.6119844913482666,0.431746135496514,0.5636361815403834,-0.5141980583366331,0.4811547424116676,0.0,0.0,0.0,0.0,0.0,0.0
1782457866152482509,412,1782457866152482509,steamvr_world,1.0640344619750977,0.7386327981948853,0.6119844913482666,0.431746135496514,0.5636361815403834,-0.5141980583366331,0.4811547424116676,0.0,0.0,0.0,0.0,0.0,0.0
1782457866185830593,413,1782457866185830593,steamvr_world,1.0640344619750977,0.7386327981948853,0.6119844913482666,0.431746135496514,0.5636361815403834,-0.5141980583366331,0.4811547424116676,0.0,0.0,0.0,0.0,0.0,0.0
1782457866219170093,414,1782457866219170093,steamvr_world,1.0640344619750977,0.7386327981948853,0.6119844913482666,0.431746135496514,0.5636361815403834,-0.5141980583366331,0.4811547424116676,0.0,0.0,0.0,0.0,0.0,0.0
1782457866252521276,415,1782457866252521276,steamvr_world,1.0640344619750977,0.7386327981948853,0.6119844913482666,0.431746135496514,0.5636361815403834,-0.5141980583366331,0.4811547424116676,0.0,0.0,0.0,0.0,0.0,0.0
1782457866285850763,416,1782457866285850763,steamvr_world,1.0640344619750977,0.7386327981948853,0.6119844913482666,0.431746135496514,0.5636361815403834,-0.5141980583366331,0.4811547424116676,0.0,0.0,0.0,0.0,0.0,0.0
1782457866319175481,417,1782457866319175481,steamvr_world,1.0640344619750977,0.7386327981948853,0.6119844913482666,0.431746135496514,0.5636361815403834,-0.5141980583366331,0.4811547424116676,0.0,0.0,0.0,0.0,0.0,0.0
1782457866352501869,418,1782457866352501869,steamvr_world,1.0640344619750977,0.7386327981948853,0.6119844913482666,0.431746135496514,0.5636361815403834,-0.5141980583366331,0.4811547424116676,0.0,0.0,0.0,0.0,0.0,0.0
1782457866385828495,419,1782457866385828495,steamvr_world,1.0640344619750977,0.7386327981948853,0.6119844913482666,0.431746135496514,0.5636361815403834,-0.5141980583366331,0.4811547424116676,0.0,0.0,0.0,0.0,0.0,0.0
1782457866419155359,420,1782457866419155359,steamvr_world,1.0640344619750977,0.7386327981948853,0.6119844913482666,0.431746135496514,0.5636361815403834,-0.5141980583366331,0.4811547424116676,0.0,0.0,0.0,0.0,0.0,0.0
1782457866452485799,421,1782457866452485799,steamvr_world,1.0640344619750977,0.7386327981948853,0.6119844913482666,0.431746135496514,0.5636361815403834,-0.5141980583366331,0.4811547424116676,0.0,0.0,0.0,0.0,0.0,0.0
1782457866485828876,422,1782457866485828876,steamvr_world,1.0640344619750977,0.7386327981948853,0.6119844913482666,0.431746135496514,0.5636361815403834,-0.5141980583366331,0.4811547424116676,0.0,0.0,0.0,0.0,0.0,0.0
1782457866519153833,423,1782457866519153833,steamvr_world,1.0640344619750977,0.7386327981948853,0.6119844913482666,0.431746135496514,0.5636361815403834,-0.5141980583366331,0.4811547424116676,0.0,0.0,0.0,0.0,0.0,0.0
1782457866552486658,424,1782457866552486658,steamvr_world,1.0640344619750977,0.7386327981948853,0.6119844913482666,0.431746135496514,0.5636361815403834,-0.5141980583366331,0.4811547424116676,0.0,0.0,0.0,0.0,0.0,0.0
1782457866585825204,425,1782457866585825204,steamvr_world,1.0640344619750977,0.7386327981948853,0.6119844913482666,0.431746135496514,0.5636361815403834,-0.5141980583366331,0.4811547424116676,0.0,0.0,0.0,0.0,0.0,0.0
1782457866619154214,426,1782457866619154214,steamvr_world,1.0640344619750977,0.7386327981948853,0.6119844913482666,0.431746135496514,0.5636361815403834,-0.5141980583366331,0.4811547424116676,0.0,0.0,0.0,0.0,0.0,0.0
1782457866652482271,427,1782457866652482271,steamvr_world,1.0640344619750977,0.7386327981948853,0.6119844913482666,0.431746135496514,0.5636361815403834,-0.5141980583366331,0.4811547424116676,0.0,0.0,0.0,0.0,0.0,0.0
1782457866685818910,428,1782457866685818910,steamvr_world,1.0640344619750977,0.7386327981948853,0.6119844913482666,0.431746135496514,0.5636361815403834,-0.5141980583366331,0.4811547424116676,0.0,0.0,0.0,0.0,0.0,0.0
1782457866719156265,429,1782457866719156265,steamvr_world,1.0640344619750977,0.7386327981948853,0.6119844913482666,0.431746135496514,0.5636361815403834,-0.5141980583366331,0.4811547424116676,0.0,0.0,0.0,0.0,0.0,0.0
1782457866752485990,430,1782457866752485990,steamvr_world,1.0640344619750977,0.7386327981948853,0.6119844913482666,0.431746135496514,0.5636361815403834,-0.5141980583366331,0.4811547424116676,0.0,0.0,0.0,0.0,0.0,0.0
1782457866785816669,431,1782457866785816669,steamvr_world,1.0640344619750977,0.7386327981948853,0.6119844913482666,0.431746135496514,0.5636361815403834,-0.5141980583366331,0.4811547424116676,0.0,0.0,0.0,0.0,0.0,0.0
1782457866819164991,432,1782457866819164991,steamvr_world,1.0640344619750977,0.7386327981948853,0.6119844913482666,0.431746135496514,0.5636361815403834,-0.5141980583366331,0.4811547424116676,0.0,0.0,0.0,0.0,0.0,0.0
1782457866852486133,433,1782457866852486133,steamvr_world,1.0640344619750977,0.7386327981948853,0.6119844913482666,0.431746135496514,0.5636361815403834,-0.5141980583366331,0.4811547424116676,0.0,0.0,0.0,0.0,0.0,0.0
1782457866885822772,434,1782457866885822772,steamvr_world,1.0640344619750977,0.7386327981948853,0.6119844913482666,0.431746135496514,0.5636361815403834,-0.5141980583366331,0.4811547424116676,0.0,0.0,0.0,0.0,0.0,0.0
1782457866919159412,435,1782457866919159412,steamvr_world,1.0640344619750977,0.7386327981948853,0.6119844913482666,0.431746135496514,0.5636361815403834,-0.5141980583366331,0.4811547424116676,0.0,0.0,0.0,0.0,0.0,0.0
1782457866952481269,436,1782457866952481269,steamvr_world,1.0640344619750977,0.7386327981948853,0.6119844913482666,0.431746135496514,0.5636361815403834,-0.5141980583366331,0.4811547424116676,0.0,0.0,0.0,0.0,0.0,0.0
1782457866985810756,437,1782457866985810756,steamvr_world,1.0640344619750977,0.7386327981948853,0.6119844913482666,0.431746135496514,0.5636361815403834,-0.5141980583366331,0.4811547424116676,0.0,0.0,0.0,0.0,0.0,0.0
1782457867019155740,438,1782457867019155740,steamvr_world,1.0640344619750977,0.7386327981948853,0.6119844913482666,0.431746135496514,0.5636361815403834,-0.5141980583366331,0.4811547424116676,0.0,0.0,0.0,0.0,0.0,0.0
1782457867052486419,439,1782457867052486419,steamvr_world,1.0640344619750977,0.7386327981948853,0.6119844913482666,0.431746135496514,0.5636361815403834,-0.5141980583366331,0.4811547424116676,0.0,0.0,0.0,0.0,0.0,0.0
1782457867085797548,440,1782457867085797548,steamvr_world,1.0640344619750977,0.7386327981948853,0.6119844913482666,0.431746135496514,0.5636361815403834,-0.5141980583366331,0.4811547424116676,0.0,0.0,0.0,0.0,0.0,0.0
1782457867119168519,441,1782457867119168519,steamvr_world,1.0640344619750977,0.7386327981948853,0.6119844913482666,0.431746135496514,0.5636361815403834,-0.5141980583366331,0.4811547424116676,0.0,0.0,0.0,0.0,0.0,0.0
1782457867152493476,442,1782457867152493476,steamvr_world,1.0640344619750977,0.7386327981948853,0.6119844913482666,0.431746135496514,0.5636361815403834,-0.5141980583366331,0.4811547424116676,0.0,0.0,0.0,0.0,0.0,0.0
1782457867185800075,443,1782457867185800075,steamvr_world,1.0640344619750977,0.7386327981948853,0.6119844913482666,0.431746135496514,0.5636361815403834,-0.5141980583366331,0.4811547424116676,0.0,0.0,0.0,0.0,0.0,0.0
1782457867219119548,444,1782457867219119548,steamvr_world,1.0640344619750977,0.7386327981948853,0.6119844913482666,0.431746135496514,0.5636361815403834,-0.5141980583366331,0.4811547424116676,0.0,0.0,0.0,0.0,0.0,0.0
1782457867252452373,445,1782457867252452373,steamvr_world,1.0640344619750977,0.7386327981948853,0.6119844913482666,0.431746135496514,0.5636361815403834,-0.5141980583366331,0.4811547424116676,0.0,0.0,0.0,0.0,0.0,0.0
1782457867285836696,446,1782457867285836696,steamvr_world,1.0640344619750977,0.7386327981948853,0.6119844913482666,0.431746135496514,0.5636361815403834,-0.5141980583366331,0.4811547424116676,0.0,0.0,0.0,0.0,0.0,0.0
1782457867319154262,447,1782457867319154262,steamvr_world,1.0640344619750977,0.7386327981948853,0.6119844913482666,0.431746135496514,0.5636361815403834,-0.5141980583366331,0.4811547424116676,0.0,0.0,0.0,0.0,0.0,0.0
1782457867352497100,448,1782457867352497100,steamvr_world,1.0640344619750977,0.7386327981948853,0.6119844913482666,0.431746135496514,0.5636361815403834,-0.5141980583366331,0.4811547424116676,0.0,0.0,0.0,0.0,0.0,0.0
1782457867385864019,449,1782457867385864019,steamvr_world,1.0640344619750977,0.7386327981948853,0.6119844913482666,0.431746135496514,0.5636361815403834,-0.5141980583366331,0.4811547424116676,0.0,0.0,0.0,0.0,0.0,0.0
1782457867419191598,450,1782457867419191598,steamvr_world,1.0640344619750977,0.7386327981948853,0.6119844913482666,0.431746135496514,0.5636361815403834,-0.5141980583366331,0.4811547424116676,0.0,0.0,0.0,0.0,0.0,0.0
1782457867452494144,451,1782457867452494144,steamvr_world,1.0640344619750977,0.7386327981948853,0.6119844913482666,0.431746135496514,0.5636361815403834,-0.5141980583366331,0.4811547424116676,0.0,0.0,0.0,0.0,0.0,0.0
1782457867485823154,452,1782457867485823154,steamvr_world,1.0640344619750977,0.7386327981948853,0.6119844913482666,0.431746135496514,0.5636361815403834,-0.5141980583366331,0.4811547424116676,0.0,0.0,0.0,0.0,0.0,0.0
1782457867519155502,453,1782457867519155502,steamvr_world,1.0640344619750977,0.7386327981948853,0.6119844913482666,0.431746135496514,0.5636361815403834,-0.5141980583366331,0.4811547424116676,0.0,0.0,0.0,0.0,0.0,0.0
1782457867552494525,454,1782457867552494525,steamvr_world,1.0640344619750977,0.7386327981948853,0.6119844913482666,0.431746135496514,0.5636361815403834,-0.5141980583366331,0.4811547424116676,0.0,0.0,0.0,0.0,0.0,0.0
1782457867585826158,455,1782457867585826158,steamvr_world,1.0640344619750977,0.7386327981948853,0.6119844913482666,0.431746135496514,0.5636361815403834,-0.5141980583366331,0.4811547424116676,0.0,0.0,0.0,0.0,0.0,0.0
1782457867619161605,456,1782457867619161605,steamvr_world,1.0640344619750977,0.7386327981948853,0.6119844913482666,0.431746135496514,0.5636361815403834,-0.5141980583366331,0.4811547424116676,0.0,0.0,0.0,0.0,0.0,0.0
1782457867652491092,457,1782457867652491092,steamvr_world,1.0640344619750977,0.7386327981948853,0.6119844913482666,0.431746135496514,0.5636361815403834,-0.5141980583366331,0.4811547424116676,0.0,0.0,0.0,0.0,0.0,0.0
1782457867685812950,458,1782457867685812950,steamvr_world,1.0640344619750977,0.7386327981948853,0.6119844913482666,0.431746135496514,0.5636361815403834,-0.5141980583366331,0.4811547424116676,0.0,0.0,0.0,0.0,0.0,0.0
1782457867719152450,459,1782457867719152450,steamvr_world,1.0640344619750977,0.7386327981948853,0.6119844913482666,0.431746135496514,0.5636361815403834,-0.5141980583366331,0.4811547424116676,0.0,0.0,0.0,0.0,0.0,0.0
1782457867752490758,460,1782457867752490758,steamvr_world,1.0640344619750977,0.7386327981948853,0.6119844913482666,0.431746135496514,0.5636361815403834,-0.5141980583366331,0.4811547424116676,0.0,0.0,0.0,0.0,0.0,0.0
1782457867785845518,461,1782457867785845518,steamvr_world,1.0640344619750977,0.7386327981948853,0.6119844913482666,0.431746135496514,0.5636361815403834,-0.5141980583366331,0.4811547424116676,0.0,0.0,0.0,0.0,0.0,0.0
1782457867819175720,462,1782457867819175720,steamvr_world,1.0640344619750977,0.7386327981948853,0.6119844913482666,0.431746135496514,0.5636361815403834,-0.5141980583366331,0.4811547424116676,0.0,0.0,0.0,0.0,0.0,0.0
1782457867852492570,463,1782457867852492570,steamvr_world,1.0640344619750977,0.7386327981948853,0.6119844913482666,0.431746135496514,0.5636361815403834,-0.5141980583366331,0.4811547424116676,0.0,0.0,0.0,0.0,0.0,0.0
1782457867885829687,464,1782457867885829687,steamvr_world,1.0640344619750977,0.7386327981948853,0.6119844913482666,0.431746135496514,0.5636361815403834,-0.5141980583366331,0.4811547424116676,0.0,0.0,0.0,0.0,0.0,0.0
1782457867919157743,465,1782457867919157743,steamvr_world,1.0640344619750977,0.7386327981948853,0.6119844913482666,0.431746135496514,0.5636361815403834,-0.5141980583366331,0.4811547424116676,0.0,0.0,0.0,0.0,0.0,0.0
1782457867952488660,466,1782457867952488660,steamvr_world,1.0640344619750977,0.7386327981948853,0.6119844913482666,0.431746135496514,0.5636361815403834,-0.5141980583366331,0.4811547424116676,0.0,0.0,0.0,0.0,0.0,0.0
1782457867985779762,467,1782457867985779762,steamvr_world,1.0640344619750977,0.7386327981948853,0.6119844913482666,0.431746135496514,0.5636361815403834,-0.5141980583366331,0.4811547424116676,0.0,0.0,0.0,0.0,0.0,0.0
1782457868019229650,468,1782457868019229650,steamvr_world,1.0640344619750977,0.7386327981948853,0.6119844913482666,0.431746135496514,0.5636361815403834,-0.5141980583366331,0.4811547424116676,0.0,0.0,0.0,0.0,0.0,0.0
1782457868052524089,469,1782457868052524089,steamvr_world,1.0640344619750977,0.7386327981948853,0.6119844913482666,0.431746135496514,0.5636361815403834,-0.5141980583366331,0.4811547424116676,0.0,0.0,0.0,0.0,0.0,0.0
1782457868085842847,470,1782457868085842847,steamvr_world,1.0640344619750977,0.7386327981948853,0.6119844913482666,0.431746135496514,0.5636361815403834,-0.5141980583366331,0.4811547424116676,0.0,0.0,0.0,0.0,0.0,0.0
1782457868119180440,471,1782457868119180440,steamvr_world,1.0640344619750977,0.7386327981948853,0.6119844913482666,0.431746135496514,0.5636361815403834,-0.5141980583366331,0.4811547424116676,0.0,0.0,0.0,0.0,0.0,0.0
